CVE,Published,Last Update,Max CVSS Base Score,EPSS Score,CISA KEV Added,Public Exploit Exists,Summary
CVE-2023-45802,2023-10-23,2023-11-01,5.9,0.18%,,,When a HTTP/2 stream was reset (RST frame) by a client, there was a time window were the request's memory resources were not reclaimed immediately. Instead, de-allocation was deferred to connection close. A client could send new requests and resets, keeping the connection busy and open and causing the memory footprint to keep on growing. On connection close, all resources were reclaimed, but the process might run out of memory before that.\n\nThis was found by the reporter during testing of CVE-2023-44487 (HTTP/2 Rapid Reset Exploit) with their own test client. During "normal" HTTP/2 use, the probability to hit this bug is very low. The kept memory would not become noticeable before the connection closes or times out.\n\nUsers are recommended to upgrade to version 2.4.58, which fixes the issue.
CVE-2023-43622,2023-10-23,2023-11-01,7.5,0.06%,,,An attacker, opening a HTTP/2 connection with an initial window size of 0, was able to block handling of that connection indefinitely in Apache HTTP Server. This could be used to exhaust worker resources in the server, similar to the well known "slow loris" attack pattern.\nThis has been fixed in version 2.4.58, so that such connection are terminated properly after the configured connection timeout.\n\nThis issue affects Apache HTTP Server: from 2.4.55 through 2.4.57.\n\nUsers are recommended to upgrade to version 2.4.58, which fixes the issue.
CVE-2023-31122,2023-10-23,2023-11-03,7.5,0.76%,,,Out-of-bounds Read vulnerability in mod_macro of Apache HTTP Server.This issue affects Apache HTTP Server: through 2.4.57.
CVE-2023-27522,2023-03-07,2023-09-08,7.5,0.55%,,,HTTP Response Smuggling vulnerability in Apache HTTP Server via mod_proxy_uwsgi. This issue affects Apache HTTP Server: from 2.4.30 through 2.4.55.\n\nSpecial characters in the origin response header can truncate/split the response forwarded to the client.
CVE-2023-25690,2023-03-07,2023-09-08,9.8,3.26%,,,Some mod_proxy configurations on Apache HTTP Server versions 2.4.0 through 2.4.55 allow a HTTP Request Smuggling attack.\n\n\n\n\nConfigurations are affected when mod_proxy is enabled along with some form of RewriteRule\n or ProxyPassMatch in which a non-specific pattern matches\n some portion of the user-supplied request-target (URL) data and is then\n re-inserted into the proxied request-target using variable \nsubstitution. For example, something like:\n\n\n\n\nRewriteEngine on\nRewriteRule "^/here/(.*)" "http://example.com:8080/elsewhere?$1"; [P]\nProxyPassReverse /here/ http://example.com:8080/\n\n\nRequest splitting/smuggling could result in bypass of access controls in the proxy server, proxying unintended URLs to existing origin servers, and cache poisoning. Users are recommended to update to at least version 2.4.56 of Apache HTTP Server.
CVE-2022-37436,2023-01-17,2023-09-08,5.3,0.04%,,,Prior to Apache HTTP Server 2.4.55, a malicious backend can cause the response headers to be truncated early, resulting in some headers being incorporated into the response body. If the later headers have any security purpose, they will not be interpreted by the client.
CVE-2022-36760,2023-01-17,2023-09-08,9.0,1.30%,,,Inconsistent Interpretation of HTTP Requests ('HTTP Request Smuggling') vulnerability in mod_proxy_ajp of Apache HTTP Server allows an attacker to smuggle requests to the AJP server it forwards requests to.  This issue affects Apache HTTP Server Apache HTTP Server 2.4 version 2.4.54 and prior versions.
CVE-2022-31813,2022-06-09,2022-08-19,9.8,1.29%,,,Apache HTTP Server 2.4.53 and earlier may not send the X-Forwarded-* headers to the origin server based on client side Connection header hop-by-hop mechanism. This may be used to bypass IP based authentication on the origin server/application.
CVE-2022-30556,2022-06-09,2023-07-21,7.5,0.37%,,,Apache HTTP Server 2.4.53 and earlier may return lengths to applications calling r:wsread() that point past the end of the storage allocated for the buffer.
CVE-2022-30522,2022-06-09,2022-09-07,7.5,53.96%,,,If Apache HTTP Server 2.4.53 is configured to do transformations with mod_sed in contexts where the input to mod_sed may be very large, mod_sed may make excessively large memory allocations and trigger an abort.
CVE-2022-29404,2022-06-09,2022-08-24,7.5,7.37%,,,In Apache HTTP Server 2.4.53 and earlier, a malicious request to a lua script that calls r:parsebody(0) may cause a denial of service due to no default limit on possible input size.
CVE-2022-28615,2022-06-09,2022-08-24,9.1,2.47%,,,Apache HTTP Server 2.4.53 and earlier may crash or disclose information due to a read beyond bounds in ap_strcmp_match() when provided with an extremely large input buffer. While no code distributed with the server can be coerced into such a call, third-party modules or lua scripts that use ap_strcmp_match() may hypothetically be affected.
CVE-2022-28614,2022-06-09,2022-08-24,5.3,0.28%,,,The ap_rwrite() function in Apache HTTP Server 2.4.53 and earlier may read unintended memory if an attacker can cause the server to reflect very large input using ap_rwrite() or ap_rputs(), such as with mod_luas r:puts() function. Modules compiled and distributed separately from Apache HTTP Server that use the 'ap_rputs' function and may pass it a very large (INT_MAX or larger) string must be compiled against current headers to resolve the issue.
CVE-2022-28330,2022-06-09,2022-06-24,5.3,0.22%,,,Apache HTTP Server 2.4.53 and earlier on Windows may read beyond bounds when configured to process requests with the mod_isapi module.
CVE-2022-26377,2022-06-09,2022-08-24,7.5,1.03%,,,Inconsistent Interpretation of HTTP Requests ('HTTP Request Smuggling') vulnerability in mod_proxy_ajp of Apache HTTP Server allows an attacker to smuggle requests to the AJP server it forwards requests to. This issue affects Apache HTTP Server Apache HTTP Server 2.4 version 2.4.53 and prior versions.
CVE-2022-23943,2022-03-14,2022-10-26,9.8,18.59%,,,Out-of-bounds Write vulnerability in mod_sed of Apache HTTP Server allows an attacker to overwrite heap memory with possibly attacker provided data. This issue affects Apache HTTP Server 2.4 version 2.4.52 and prior versions.
CVE-2022-22721,2022-03-14,2022-11-02,9.1,0.36%,,,If LimitXMLRequestBody is set to allow request bodies larger than 350MB (defaults to 1M) on 32 bit systems an integer overflow happens which later causes out of bounds writes. This issue affects Apache HTTP Server 2.4.52 and earlier.
CVE-2022-22720,2022-03-14,2022-11-02,9.8,1.14%,,,Apache HTTP Server 2.4.52 and earlier fails to close inbound connection when errors are encountered discarding the request body, exposing the server to HTTP Request Smuggling
CVE-2022-22719,2022-03-14,2022-11-02,7.5,42.28%,,,A carefully crafted request body can cause a read to a random memory area which could cause the process to crash. This issue affects Apache HTTP Server 2.4.52 and earlier.
CVE-2021-44790,2021-12-20,2023-04-03,9.8,10.70%,,,A carefully crafted request body can cause a buffer overflow in the mod_lua multipart parser (r:parsebody() called from Lua scripts). The Apache httpd team is not aware of an exploit for the vulnerabilty though it might be possible to craft one. This issue affects Apache HTTP Server 2.4.51 and earlier.
CVE-2021-44224,2021-12-20,2022-11-02,8.2,32.28%,,,A crafted URI sent to httpd configured as a forward proxy (ProxyRequests on) can cause a crash (NULL pointer dereference) or, for configurations mixing forward and reverse proxy declarations, can allow for requests to be directed to a declared Unix Domain Socket endpoint (Server Side Request Forgery). This issue affects Apache HTTP Server 2.4.7 up to 2.4.51 (included).
CVE-2021-42013,2021-10-07,2023-08-31,9.8,97.34%,2021-11-03,Yes,It was found that the fix for CVE-2021-41773 in Apache HTTP Server 2.4.50 was insufficient. An attacker could use a path traversal attack to map URLs to files outside the directories configured by Alias-like directives. If files outside of these directories are not protected by the usual default configuration "require all denied", these requests can succeed. If CGI scripts are also enabled for these aliased pathes, this could allow for remote code execution. This issue only affects Apache 2.4.49 and Apache 2.4.50 and not earlier versions.
CVE-2021-41773,2021-10-05,2022-10-28,7.5,97.42%,2021-11-03,Yes,A flaw was found in a change made to path normalization in Apache HTTP Server 2.4.49. An attacker could use a path traversal attack to map URLs to files outside the directories configured by Alias-like directives. If files outside of these directories are not protected by the usual default configuration "require all denied", these requests can succeed. If CGI scripts are also enabled for these aliased pathes, this could allow for remote code execution. This issue is known to be exploited in the wild. This issue only affects Apache 2.4.49 and not earlier versions. The fix in Apache HTTP Server 2.4.50 was found to be incomplete, see CVE-2021-42013.
CVE-2021-41524,2021-10-05,2022-10-28,7.5,0.60%,,,While fuzzing the 2.4.49 httpd, a new null pointer dereference was detected during HTTP/2 request processing, allowing an external source to DoS the server. This requires a specially crafted request. The vulnerability was recently introduced in version 2.4.49. No exploit is known to the project.
CVE-2021-40438,2021-09-16,2022-10-05,9.0,97.18%,2021-12-01,,A crafted request uri-path can cause mod_proxy to forward the request to an origin server choosen by the remote user. This issue affects Apache HTTP Server 2.4.48 and earlier.
CVE,Published,Last Update,Max CVSS Base Score,EPSS Score,CISA KEV Added,Public Exploit Exists,Summary
CVE-2021-39275,2021-09-16,2022-10-05,9.8,0.62%,,,ap_escape_quotes() may write beyond the end of a buffer when given malicious input. No included modules pass untrusted data to these functions, but third-party / external modules may. This issue affects Apache HTTP Server 2.4.48 and earlier.
CVE-2021-36160,2021-09-16,2022-10-18,7.5,0.17%,,,A carefully crafted request uri-path can cause mod_proxy_uwsgi to read above the allocated memory and crash (DoS). This issue affects Apache HTTP Server versions 2.4.30 to 2.4.48 (inclusive).
CVE-2021-34798,2021-09-16,2022-10-28,7.5,0.50%,,,Malformed requests may cause the server to dereference a NULL pointer. This issue affects Apache HTTP Server 2.4.48 and earlier.
CVE-2021-33193,2021-08-16,2023-03-03,7.5,0.10%,,,A crafted method sent through HTTP/2 will bypass validation and be forwarded by mod_proxy, which can lead to request splitting or cache poisoning. This issue affects Apache HTTP Server 2.4.17 to 2.4.48.
CVE-2021-31618,2021-06-15,2021-12-10,7.5,1.57%,,,Apache HTTP Server protocol handler for the HTTP/2 protocol checks received request headers against the size limitations as configured for the server and used for the HTTP/1 protocol as well. On violation of these restrictions and HTTP response is sent to the client with a status code indicating why the request was rejected. This rejection response was not fully initialised in the HTTP/2 protocol handler if the offending header was the very first one received or appeared in a a footer. This led to a NULL pointer dereference on initialised memory, crashing reliably the child process. Since such a triggering HTTP/2 request is easy to craft and submit, this can be exploited to DoS the server. This issue affected mod_http2 1.15.17 and Apache HTTP Server version 2.4.47 only. Apache HTTP Server 2.4.47 was never released.
CVE-2021-30641,2021-06-10,2021-12-02,5.3,0.22%,,,Apache HTTP Server versions 2.4.39 to 2.4.46 Unexpected matching behavior with 'MergeSlashes OFF'
CVE-2021-26691,2021-06-10,2022-03-25,9.8,76.54%,,,In Apache HTTP Server versions 2.4.0 to 2.4.46 a specially crafted SessionHeader sent by an origin server could cause a heap overflow
CVE-2021-26690,2021-06-10,2021-12-01,7.5,11.64%,,,Apache HTTP Server versions 2.4.0 to 2.4.46 A specially crafted Cookie header handled by mod_session can cause a NULL pointer dereference and crash, leading to a possible Denial Of Service
CVE-2020-35452,2021-06-10,2021-12-01,7.3,0.20%,,,Apache HTTP Server versions 2.4.0 to 2.4.46 A specially crafted Digest nonce can cause a stack overflow in mod_auth_digest. There is no report of this overflow being exploitable, nor the Apache HTTP Server team could create one, though some particular compiler and/or compilation option might make it possible, with limited consequences anyway due to the size (a single byte) and the value (zero byte) of the overflow
CVE-2020-13950,2021-06-10,2021-12-01,7.5,0.50%,,,Apache HTTP Server versions 2.4.41 to 2.4.46 mod_proxy_http can be made to crash (NULL pointer dereference) with specially crafted requests using both Content-Length and Transfer-Encoding headers, leading to a Denial of Service
CVE-2020-13938,2021-06-10,2022-04-15,5.5,0.04%,,,Apache HTTP Server versions 2.4.0 to 2.4.46 Unprivileged local users can stop httpd on Windows
CVE-2020-11993,2020-08-07,2021-06-06,7.5,0.48%,,,Apache HTTP Server versions 2.4.20 to 2.4.43 When trace/debug was enabled for the HTTP/2 module and on certain traffic edge patterns, logging statements were made on the wrong connection, causing concurrent use of memory pools. Configuring the LogLevel of mod_http2 above "info" will mitigate this vulnerability for unpatched servers.
CVE-2020-11985,2020-08-07,2021-06-06,5.3,0.26%,,,IP address spoofing when proxying using mod_remoteip and mod_rewrite For configurations using proxying with mod_remoteip and certain mod_rewrite rules, an attacker could spoof their IP address for logging and PHP scripts. Note this issue was fixed in Apache HTTP Server 2.4.24 but was retrospectively allocated a low severity CVE in 2020.
CVE-2020-11984,2020-08-07,2021-06-06,9.8,1.53%,,,Apache HTTP server 2.4.32 to 2.4.44 mod_proxy_uwsgi info disclosure and possible RCE
CVE-2020-9490,2020-08-07,2022-10-07,7.5,0.61%,,,Apache HTTP Server versions 2.4.20 to 2.4.43. A specially crafted value for the 'Cache-Digest' header in a HTTP/2 request would result in a crash when the server actually tries to HTTP/2 PUSH a resource afterwards. Configuring the HTTP/2 feature via "H2Push off" will mitigate this vulnerability for unpatched servers.
CVE-2020-1934,2020-04-01,2022-04-26,5.3,0.13%,,,In Apache HTTP Server 2.4.0 to 2.4.41, mod_proxy_ftp may use uninitialized memory when proxying to a malicious FTP server.
CVE-2020-1927,2020-04-02,2022-07-25,6.1,0.19%,,,In Apache HTTP Server 2.4.0 to 2.4.41, redirects configured with mod_rewrite that were intended to be self-referential might be fooled by encoded newlines and redirect instead to an an unexpected URL within the request URL.
CVE-2019-17567,2021-06-10,2021-12-02,5.3,0.18%,,,Apache HTTP Server versions 2.4.6 to 2.4.46 mod_proxy_wstunnel configured on an URL that is not necessarily Upgraded by the origin server was tunneling the whole connection regardless, thus allowing for subsequent requests on the same connection to pass through with no HTTP validation, authentication or authorization possibly configured.
CVE-2019-10098,2019-09-25,2021-06-14,6.1,10.59%,,,In Apache HTTP server 2.4.0 to 2.4.39, Redirects configured with mod_rewrite that were intended to be self-referential might be fooled by encoded newlines and redirect instead to an unexpected URL within the request URL.
CVE-2019-10097,2019-09-26,2021-07-07,7.2,83.05%,,,In Apache HTTP Server 2.4.32-2.4.39, when mod_remoteip was configured to use a trusted intermediary proxy server using the "PROXY" protocol, a specially crafted PROXY header could trigger a stack buffer overflow or NULL pointer deference. This vulnerability could only be triggered by a trusted proxy and not by untrusted HTTP clients.
CVE-2019-10092,2019-09-26,2021-09-09,6.1,5.94%,,,In Apache HTTP Server 2.4.0-2.4.39, a limited cross-site scripting issue was reported affecting the mod_proxy error page. An attacker could cause the link on the error page to be malformed and instead point to a page of their choice. This would only be exploitable where a server was set up with proxying enabled but was misconfigured in such a way that the Proxy Error page was displayed.
CVE-2019-10082,2019-09-26,2022-07-25,9.1,0.81%,,,In Apache HTTP Server 2.4.18-2.4.39, using fuzzed network input, the http/2 session handling could be made to read memory after being freed, during connection shutdown.
CVE-2019-10081,2019-08-15,2021-06-06,7.5,0.73%,,,HTTP/2 (2.4.20 through 2.4.39) very early pushes, for example configured with "H2PushResource", could lead to an overwrite of memory in the pushing request's pool, leading to crashes. The memory copied is that of the configured push link header values, not data supplied by the client.
CVE-2019-9517,2019-08-13,2023-01-19,7.8,3.50%,,,Some HTTP/2 implementations are vulnerable to unconstrained interal data buffering, potentially leading to a denial of service. The attacker opens the HTTP/2 window so the peer can send without constraint; however, they leave the TCP window closed so the peer cannot actually write (many of) the bytes on the wire. The attacker then sends a stream of requests for a large response object. Depending on how the servers queue the responses, this can consume excess memory, CPU, or both.
CVE-2019-0220,2019-06-11,2022-07-25,5.3,0.51%,,,A vulnerability was found in Apache HTTP Server 2.4.0 to 2.4.38. When the path component of a request URL contains multiple consecutive slashes ('/'), directives such as LocationMatch and RewriteRule must account for duplicates in regular expressions while other aspects of the servers processing will implicitly collapse them.
CVE,Published,Last Update,Max CVSS Base Score,EPSS Score,CISA KEV Added,Public Exploit Exists,Summary
CVE-2021-39275,2021-09-16,2022-10-05,9.8,0.62%,,,ap_escape_quotes() may write beyond the end of a buffer when given malicious input. No included modules pass untrusted data to these functions, but third-party / external modules may. This issue affects Apache HTTP Server 2.4.48 and earlier.
CVE-2021-36160,2021-09-16,2022-10-18,7.5,0.17%,,,A carefully crafted request uri-path can cause mod_proxy_uwsgi to read above the allocated memory and crash (DoS). This issue affects Apache HTTP Server versions 2.4.30 to 2.4.48 (inclusive).
CVE-2021-34798,2021-09-16,2022-10-28,7.5,0.50%,,,Malformed requests may cause the server to dereference a NULL pointer. This issue affects Apache HTTP Server 2.4.48 and earlier.
CVE-2021-33193,2021-08-16,2023-03-03,7.5,0.10%,,,A crafted method sent through HTTP/2 will bypass validation and be forwarded by mod_proxy, which can lead to request splitting or cache poisoning. This issue affects Apache HTTP Server 2.4.17 to 2.4.48.
CVE-2021-31618,2021-06-15,2021-12-10,7.5,1.57%,,,Apache HTTP Server protocol handler for the HTTP/2 protocol checks received request headers against the size limitations as configured for the server and used for the HTTP/1 protocol as well. On violation of these restrictions and HTTP response is sent to the client with a status code indicating why the request was rejected. This rejection response was not fully initialised in the HTTP/2 protocol handler if the offending header was the very first one received or appeared in a a footer. This led to a NULL pointer dereference on initialised memory, crashing reliably the child process. Since such a triggering HTTP/2 request is easy to craft and submit, this can be exploited to DoS the server. This issue affected mod_http2 1.15.17 and Apache HTTP Server version 2.4.47 only. Apache HTTP Server 2.4.47 was never released.
CVE-2021-30641,2021-06-10,2021-12-02,5.3,0.22%,,,Apache HTTP Server versions 2.4.39 to 2.4.46 Unexpected matching behavior with 'MergeSlashes OFF'
CVE-2021-26691,2021-06-10,2022-03-25,9.8,76.54%,,,In Apache HTTP Server versions 2.4.0 to 2.4.46 a specially crafted SessionHeader sent by an origin server could cause a heap overflow
CVE-2021-26690,2021-06-10,2021-12-01,7.5,11.64%,,,Apache HTTP Server versions 2.4.0 to 2.4.46 A specially crafted Cookie header handled by mod_session can cause a NULL pointer dereference and crash, leading to a possible Denial Of Service
CVE-2020-35452,2021-06-10,2021-12-01,7.3,0.20%,,,Apache HTTP Server versions 2.4.0 to 2.4.46 A specially crafted Digest nonce can cause a stack overflow in mod_auth_digest. There is no report of this overflow being exploitable, nor the Apache HTTP Server team could create one, though some particular compiler and/or compilation option might make it possible, with limited consequences anyway due to the size (a single byte) and the value (zero byte) of the overflow
CVE-2020-13950,2021-06-10,2021-12-01,7.5,0.50%,,,Apache HTTP Server versions 2.4.41 to 2.4.46 mod_proxy_http can be made to crash (NULL pointer dereference) with specially crafted requests using both Content-Length and Transfer-Encoding headers, leading to a Denial of Service
CVE-2020-13938,2021-06-10,2022-04-15,5.5,0.04%,,,Apache HTTP Server versions 2.4.0 to 2.4.46 Unprivileged local users can stop httpd on Windows
CVE-2020-11993,2020-08-07,2021-06-06,7.5,0.48%,,,Apache HTTP Server versions 2.4.20 to 2.4.43 When trace/debug was enabled for the HTTP/2 module and on certain traffic edge patterns, logging statements were made on the wrong connection, causing concurrent use of memory pools. Configuring the LogLevel of mod_http2 above "info" will mitigate this vulnerability for unpatched servers.
CVE-2020-11985,2020-08-07,2021-06-06,5.3,0.26%,,,IP address spoofing when proxying using mod_remoteip and mod_rewrite For configurations using proxying with mod_remoteip and certain mod_rewrite rules, an attacker could spoof their IP address for logging and PHP scripts. Note this issue was fixed in Apache HTTP Server 2.4.24 but was retrospectively allocated a low severity CVE in 2020.
CVE-2020-11984,2020-08-07,2021-06-06,9.8,1.53%,,,Apache HTTP server 2.4.32 to 2.4.44 mod_proxy_uwsgi info disclosure and possible RCE
CVE-2020-9490,2020-08-07,2022-10-07,7.5,0.61%,,,Apache HTTP Server versions 2.4.20 to 2.4.43. A specially crafted value for the 'Cache-Digest' header in a HTTP/2 request would result in a crash when the server actually tries to HTTP/2 PUSH a resource afterwards. Configuring the HTTP/2 feature via "H2Push off" will mitigate this vulnerability for unpatched servers.
CVE-2020-1934,2020-04-01,2022-04-26,5.3,0.13%,,,In Apache HTTP Server 2.4.0 to 2.4.41, mod_proxy_ftp may use uninitialized memory when proxying to a malicious FTP server.
CVE-2020-1927,2020-04-02,2022-07-25,6.1,0.19%,,,In Apache HTTP Server 2.4.0 to 2.4.41, redirects configured with mod_rewrite that were intended to be self-referential might be fooled by encoded newlines and redirect instead to an an unexpected URL within the request URL.
CVE-2019-17567,2021-06-10,2021-12-02,5.3,0.18%,,,Apache HTTP Server versions 2.4.6 to 2.4.46 mod_proxy_wstunnel configured on an URL that is not necessarily Upgraded by the origin server was tunneling the whole connection regardless, thus allowing for subsequent requests on the same connection to pass through with no HTTP validation, authentication or authorization possibly configured.
CVE-2019-10098,2019-09-25,2021-06-14,6.1,10.59%,,,In Apache HTTP server 2.4.0 to 2.4.39, Redirects configured with mod_rewrite that were intended to be self-referential might be fooled by encoded newlines and redirect instead to an unexpected URL within the request URL.
CVE-2019-10097,2019-09-26,2021-07-07,7.2,83.05%,,,In Apache HTTP Server 2.4.32-2.4.39, when mod_remoteip was configured to use a trusted intermediary proxy server using the "PROXY" protocol, a specially crafted PROXY header could trigger a stack buffer overflow or NULL pointer deference. This vulnerability could only be triggered by a trusted proxy and not by untrusted HTTP clients.
CVE-2019-10092,2019-09-26,2021-09-09,6.1,5.94%,,,In Apache HTTP Server 2.4.0-2.4.39, a limited cross-site scripting issue was reported affecting the mod_proxy error page. An attacker could cause the link on the error page to be malformed and instead point to a page of their choice. This would only be exploitable where a server was set up with proxying enabled but was misconfigured in such a way that the Proxy Error page was displayed.
CVE-2019-10082,2019-09-26,2022-07-25,9.1,0.81%,,,In Apache HTTP Server 2.4.18-2.4.39, using fuzzed network input, the http/2 session handling could be made to read memory after being freed, during connection shutdown.
CVE-2019-10081,2019-08-15,2021-06-06,7.5,0.73%,,,HTTP/2 (2.4.20 through 2.4.39) very early pushes, for example configured with "H2PushResource", could lead to an overwrite of memory in the pushing request's pool, leading to crashes. The memory copied is that of the configured push link header values, not data supplied by the client.
CVE-2019-9517,2019-08-13,2023-01-19,7.8,3.50%,,,Some HTTP/2 implementations are vulnerable to unconstrained interal data buffering, potentially leading to a denial of service. The attacker opens the HTTP/2 window so the peer can send without constraint; however, they leave the TCP window closed so the peer cannot actually write (many of) the bytes on the wire. The attacker then sends a stream of requests for a large response object. Depending on how the servers queue the responses, this can consume excess memory, CPU, or both.
CVE-2019-0220,2019-06-11,2022-07-25,5.3,0.51%,,,A vulnerability was found in Apache HTTP Server 2.4.0 to 2.4.38. When the path component of a request URL contains multiple consecutive slashes ('/'), directives such as LocationMatch and RewriteRule must account for duplicates in regular expressions while other aspects of the servers processing will implicitly collapse them.
CVE,Published,Last Update,Max CVSS Base Score,EPSS Score,CISA KEV Added,Public Exploit Exists,Summary
CVE-2017-3169,2017-06-20,2021-06-06,9.8,1.65%,,,In Apache httpd 2.2.x before 2.2.33 and 2.4.x before 2.4.26, mod_ssl may dereference a NULL pointer when third-party modules call ap_hook_process_connection() during an HTTP request to an HTTPS port.
CVE-2017-3167,2017-06-20,2021-06-06,9.8,1.58%,,,In Apache httpd 2.2.x before 2.2.33 and 2.4.x before 2.4.26, use of the ap_get_basic_auth_pw() by third-party modules outside of the authentication phase may lead to authentication requirements being bypassed.
CVE-2016-8743,2017-07-27,2022-09-07,7.5,0.27%,,,Apache HTTP Server, in all releases prior to 2.2.32 and 2.4.25, was liberal in the whitespace accepted from requests and sent in response lines and headers. Accepting these different behaviors represented a security concern when httpd participates in any chain of proxies or interacts with back-end application servers, either through mod_proxy or using conventional CGI mechanisms, and may result in request smuggling, response splitting and cache pollution.
CVE-2016-8740,2016-12-05,2021-06-06,7.5,2.68%,,,The mod_http2 module in the Apache HTTP Server 2.4.17 through 2.4.23, when the Protocols configuration includes h2 or h2c, does not restrict request-header length, which allows remote attackers to cause a denial of service (memory consumption) via crafted CONTINUATION frames in an HTTP/2 request.
CVE-2016-8612,2018-03-09,2023-02-12,4.3,0.11%,,,Apache HTTP Server mod_cluster before version httpd 2.4.23 is vulnerable to an Improper Input Validation in the protocol parsing logic in the load balancer resulting in a Segmentation Fault in the serving httpd process.
CVE-2016-5387,2016-07-19,2022-09-07,8.1,20.61%,,,The Apache HTTP Server through 2.4.23 follows RFC 3875 section 4.1.18 and therefore does not protect applications from the presence of untrusted client data in the HTTP_PROXY environment variable, which might allow remote attackers to redirect an application's outbound HTTP traffic to an arbitrary proxy server via a crafted Proxy header in an HTTP request, aka an "httpoxy" issue.  NOTE: the vendor states "This mitigation has been assigned the identifier CVE-2016-5387"; in other words, this is not a CVE ID for a vulnerability.
CVE-2016-4979,2016-07-06,2021-06-06,7.5,0.21%,,,The Apache HTTP Server 2.4.18 through 2.4.20, when mod_http2 and mod_ssl are enabled, does not properly recognize the "SSLVerifyClient require" directive for HTTP/2 request authorization, which allows remote attackers to bypass intended access restrictions by leveraging the ability to send multiple requests over a single connection and aborting a renegotiation.
CVE-2016-4975,2018-08-14,2021-06-06,6.1,0.43%,,,Possible CRLF injection allowing HTTP response splitting attacks for sites which use mod_userdir. This issue was mitigated by changes made in 2.4.25 and 2.2.32 which prohibit CR or LF injection into the "Location" or other outbound header key or value. Fixed in Apache HTTP Server 2.4.25 (Affected 2.4.1-2.4.23). Fixed in Apache HTTP Server 2.2.32 (Affected 2.2.0-2.2.31).
CVE-2016-2161,2017-07-27,2021-06-06,7.5,2.96%,,,In Apache HTTP Server versions 2.4.0 to 2.4.23, malicious input to mod_auth_digest can cause the server to crash, and each instance continues to crash even for subsequently valid requests.
CVE-2016-1546,2016-07-06,2021-06-06,5.9,4.61%,,,The Apache HTTP Server 2.4.17 and 2.4.18, when mod_http2 is enabled, does not limit the number of simultaneous stream workers for a single HTTP/2 connection, which allows remote attackers to cause a denial of service (stream-processing outage) via modified flow-control windows.
CVE-2016-0736,2017-07-27,2021-06-06,7.5,1.32%,,,In Apache HTTP Server versions 2.4.0 to 2.4.23, mod_session_crypto was encrypting its data/cookie using the configured ciphers with possibly either CBC or ECB modes of operation (AES256-CBC by default), hence no selectable or builtin authenticated encryption. This made it vulnerable to padding oracle attacks, particularly with CBC.
CVE-2015-3185,2015-07-20,2021-06-06,4.3,0.52%,,,The ap_some_auth_required function in server/request.c in the Apache HTTP Server 2.4.x before 2.4.14 does not consider that a Require directive may be associated with an authorization setting rather than an authentication setting, which allows remote attackers to bypass intended access restrictions in opportunistic circumstances by leveraging the presence of a module that relies on the 2.2 API behavior.
CVE-2015-3183,2015-07-20,2021-06-06,5.0,5.54%,,,The chunked transfer coding implementation in the Apache HTTP Server before 2.4.14 does not properly parse chunk headers, which allows remote attackers to conduct HTTP request smuggling attacks via a crafted request, related to mishandling of large chunk-size values and invalid chunk-extension characters in modules/http/http_filters.c.
CVE-2015-0253,2015-07-20,2021-06-06,5.0,1.73%,,,The read_request_line function in server/protocol.c in the Apache HTTP Server 2.4.12 does not initialize the protocol structure member, which allows remote attackers to cause a denial of service (NULL pointer dereference and process crash) by sending a request that lacks a method to an installation that enables the INCLUDES filter and has an ErrorDocument 400 directive specifying a local URI.
CVE-2015-0228,2015-03-08,2021-06-06,5.0,4.04%,,,The lua_websocket_read function in lua_request.c in the mod_lua module in the Apache HTTP Server through 2.4.12 allows remote attackers to cause a denial of service (child-process crash) by sending a crafted WebSocket Ping frame after a Lua script has called the wsupgrade function.
CVE-2014-8109,2014-12-29,2023-02-13,4.3,0.22%,,,mod_lua.c in the mod_lua module in the Apache HTTP Server 2.3.x and 2.4.x through 2.4.10 does not support an httpd configuration in which the same Lua authorization provider is used with different arguments within different contexts, which allows remote attackers to bypass intended access restrictions in opportunistic circumstances by leveraging multiple Require directives, as demonstrated by a configuration that specifies authorization for one group to access a certain directory, and authorization for a second group to access a second directory.
CVE-2014-3583,2014-12-15,2021-06-06,5.0,0.95%,,,The handle_headers function in mod_proxy_fcgi.c in the mod_proxy_fcgi module in the Apache HTTP Server 2.4.10 allows remote FastCGI servers to cause a denial of service (buffer over-read and daemon crash) via long response headers.
CVE-2014-3581,2014-10-10,2022-09-07,5.0,6.56%,,,The cache_merge_headers_out function in modules/cache/cache_util.c in the mod_cache module in the Apache HTTP Server before 2.4.11 allows remote attackers to cause a denial of service (NULL pointer dereference and application crash) via an empty HTTP Content-Type header.
CVE-2014-3523,2014-07-20,2021-06-06,5.0,5.64%,,,Memory leak in the winnt_accept function in server/mpm/winnt/child.c in the WinNT MPM in the Apache HTTP Server 2.4.x before 2.4.10 on Windows, when the default AcceptFilter is enabled, allows remote attackers to cause a denial of service (memory consumption) via crafted requests.
CVE-2014-0231,2014-07-20,2023-10-31,5.0,32.30%,,,The mod_cgid module in the Apache HTTP Server before 2.4.10 does not have a timeout mechanism, which allows remote attackers to cause a denial of service (process hang) via a request to a CGI script that does not read from its stdin file descriptor.
CVE-2014-0226,2014-07-20,2022-09-14,6.8,95.57%,,,Race condition in the mod_status module in the Apache HTTP Server before 2.4.10 allows remote attackers to cause a denial of service (heap-based buffer overflow), or possibly obtain sensitive credential information or execute arbitrary code, via a crafted request that triggers improper scoreboard handling within the status_handler function in modules/generators/mod_status.c and the lua_ap_scoreboard_worker function in modules/lua/lua_request.c.
CVE-2014-0118,2014-07-20,2022-09-14,4.3,57.68%,,,The deflate_in_filter function in mod_deflate.c in the mod_deflate module in the Apache HTTP Server before 2.4.10, when request body decompression is enabled, allows remote attackers to cause a denial of service (resource consumption) via crafted request data that decompresses to a much larger size.
CVE-2014-0117,2014-07-20,2021-06-06,4.3,96.89%,,,The mod_proxy module in the Apache HTTP Server 2.4.x before 2.4.10, when a reverse proxy is enabled, allows remote attackers to cause a denial of service (child-process crash) via a crafted HTTP Connection header.
CVE-2014-0098,2014-03-18,2022-09-14,5.0,19.08%,,,The log_cookie function in mod_log_config.c in the mod_log_config module in the Apache HTTP Server before 2.4.8 allows remote attackers to cause a denial of service (segmentation fault and daemon crash) via a crafted cookie that is not properly handled during truncation.
CVE-2013-6438,2014-03-18,2022-09-14,5.0,2.89%,,,The dav_xml_get_cdata function in main/util.c in the mod_dav module in the Apache HTTP Server before 2.4.8 does not properly remove whitespace characters from CDATA sections, which allows remote attackers to cause a denial of service (daemon crash) via a crafted DAV WRITE request.
CVE,Published,Last Update,Max CVSS Base Score,EPSS Score,CISA KEV Added,Public Exploit Exists,Summary
CVE-2013-5704,2014-04-15,2022-04-14,5.0,81.44%,,,The mod_headers module in the Apache HTTP Server 2.2.22 allows remote attackers to bypass "RequestHeader unset" directives by placing a header in the trailer portion of data sent with chunked transfer coding.  NOTE: the vendor states "this is not a security issue in httpd as such."
CVE-2013-4352,2014-07-20,2021-06-06,4.3,4.15%,,,The cache_invalidate function in modules/cache/cache_storage.c in the mod_cache module in the Apache HTTP Server 2.4.6, when a caching forward proxy is enabled, allows remote HTTP servers to cause a denial of service (NULL pointer dereference and daemon crash) via vectors that trigger a missing hostname value.
CVE-2013-2249,2013-07-23,2022-09-14,7.5,1.22%,,,mod_session_dbd.c in the mod_session_dbd module in the Apache HTTP Server before 2.4.5 proceeds with save operations for a session without considering the dirty flag and the requirement for a new session ID, which has unspecified impact and remote attack vectors.
CVE-2013-1896,2013-07-10,2023-02-13,4.3,96.17%,,,mod_dav.c in the Apache HTTP Server before 2.2.25 does not properly determine whether DAV is enabled for a URI, which allows remote attackers to cause a denial of service (segmentation fault) via a MERGE request in which the URI is configured for handling by the mod_dav_svn module, but a certain href attribute in XML data refers to a non-DAV URI.
CVE-2013-1862,2013-06-10,2022-09-14,5.1,35.88%,,,mod_rewrite.c in the mod_rewrite module in the Apache HTTP Server 2.2.x before 2.2.25 writes data to a log file without sanitizing non-printable characters, which might allow remote attackers to execute arbitrary commands via an HTTP request containing an escape sequence for a terminal emulator.
CVE-2012-4558,2013-02-26,2021-06-06,4.3,29.30%,,,Multiple cross-site scripting (XSS) vulnerabilities in the balancer_handler function in the manager interface in mod_proxy_balancer.c in the mod_proxy_balancer module in the Apache HTTP Server 2.2.x before 2.2.24-dev and 2.4.x before 2.4.4 allow remote attackers to inject arbitrary web script or HTML via a crafted string.
CVE-2012-4557,2012-11-30,2021-06-06,5.0,18.79%,,,The mod_proxy_ajp module in the Apache HTTP Server 2.2.12 through 2.2.21 places a worker node into an error state upon detection of a long request-processing time, which allows remote attackers to cause a denial of service (worker consumption) via an expensive request.
CVE-2012-3502,2012-08-22,2021-06-06,4.3,0.26%,,,The proxy functionality in (1) mod_proxy_ajp.c in the mod_proxy_ajp module and (2) mod_proxy_http.c in the mod_proxy_http module in the Apache HTTP Server 2.4.x before 2.4.3 does not properly determine the situations that require closing a back-end connection, which allows remote attackers to obtain sensitive information in opportunistic circumstances by reading a response that was intended for a different client.
CVE-2012-3499,2013-02-26,2021-06-06,4.3,0.77%,,,Multiple cross-site scripting (XSS) vulnerabilities in the Apache HTTP Server 2.2.x before 2.2.24-dev and 2.4.x before 2.4.4 allow remote attackers to inject arbitrary web script or HTML via vectors involving hostnames and URIs in the (1) mod_imagemap, (2) mod_info, (3) mod_ldap, (4) mod_proxy_ftp, and (5) mod_status modules.
CVE-2012-2687,2012-08-22,2021-06-06,2.6,0.68%,,,Multiple cross-site scripting (XSS) vulnerabilities in the make_variant_list function in mod_negotiation.c in the mod_negotiation module in the Apache HTTP Server 2.4.x before 2.4.3, when the MultiViews option is enabled, allow remote attackers to inject arbitrary web script or HTML via a crafted filename that is not properly handled during construction of a variant list.
CVE-2012-0883,2012-04-18,2022-09-14,6.9,0.04%,,,envvars (aka envvars-std) in the Apache HTTP Server before 2.4.2 places a zero-length directory name in the LD_LIBRARY_PATH, which allows local users to gain privileges via a Trojan horse DSO in the current working directory during execution of apachectl.
CVE-2012-0053,2012-01-28,2022-09-14,4.3,84.01%,,,protocol.c in the Apache HTTP Server 2.2.x through 2.2.21 does not properly restrict header information during construction of Bad Request (aka 400) error documents, which allows remote attackers to obtain the values of HTTPOnly cookies via vectors involving a (1) long or (2) malformed header in conjunction with crafted web script.
CVE-2012-0031,2012-01-18,2022-09-14,4.6,0.04%,,,scoreboard.c in the Apache HTTP Server 2.2.21 and earlier might allow local users to cause a denial of service (daemon crash during shutdown) or possibly have unspecified other impact by modifying a certain type field within a scoreboard shared memory segment, leading to an invalid call to the free function.
CVE-2012-0021,2012-01-28,2021-06-06,2.6,93.03%,,,The log_cookie function in mod_log_config.c in the mod_log_config module in the Apache HTTP Server 2.2.17 through 2.2.21, when a threaded MPM is used, does not properly handle a %{}C format string, which allows remote attackers to cause a denial of service (daemon crash) via a cookie that lacks both a name and a value.
CVE-2011-4415,2011-11-08,2012-07-03,1.2,0.04%,,,The ap_pregsub function in server/util.c in the Apache HTTP Server 2.0.x through 2.0.64 and 2.2.x through 2.2.21, when the mod_setenvif module is enabled, does not restrict the size of values of environment variables, which allows local users to cause a denial of service (memory consumption or NULL pointer dereference) via a .htaccess file with a crafted SetEnvIf directive, in conjunction with a crafted HTTP request header, related to (1) the "len +=" statement and (2) the apr_pcalloc function call, a different vulnerability than CVE-2011-3607.
CVE-2011-4317,2011-11-30,2021-06-06,4.3,94.43%,,,The mod_proxy module in the Apache HTTP Server 1.3.x through 1.3.42, 2.0.x through 2.0.64, and 2.2.x through 2.2.21, when the Revision 1179239 patch is in place, does not properly interact with use of (1) RewriteRule and (2) ProxyPassMatch pattern matches for configuration of a reverse proxy, which allows remote attackers to send requests to intranet servers via a malformed URI containing an @ (at sign) character and a : (colon) character in invalid positions.  NOTE: this vulnerability exists because of an incomplete fix for CVE-2011-3368.
CVE-2011-3639,2011-11-30,2023-02-13,4.3,3.96%,,,The mod_proxy module in the Apache HTTP Server 2.0.x through 2.0.64 and 2.2.x before 2.2.18, when the Revision 1179239 patch is in place, does not properly interact with use of (1) RewriteRule and (2) ProxyPassMatch pattern matches for configuration of a reverse proxy, which allows remote attackers to send requests to intranet servers by using the HTTP/0.9 protocol with a malformed URI containing an initial @ (at sign) character. NOTE: this vulnerability exists because of an incomplete fix for CVE-2011-3368.
CVE-2011-3607,2011-11-08,2021-06-06,4.4,0.06%,,,Integer overflow in the ap_pregsub function in server/util.c in the Apache HTTP Server 2.0.x through 2.0.64 and 2.2.x through 2.2.21, when the mod_setenvif module is enabled, allows local users to gain privileges via a .htaccess file with a crafted SetEnvIf directive, in conjunction with a crafted HTTP request header, leading to a heap-based buffer overflow.
CVE-2011-3368,2011-10-05,2021-06-06,5.0,97.40%,,Yes,The mod_proxy module in the Apache HTTP Server 1.3.x through 1.3.42, 2.0.x through 2.0.64, and 2.2.x through 2.2.21 does not properly interact with use of (1) RewriteRule and (2) ProxyPassMatch pattern matches for configuration of a reverse proxy, which allows remote attackers to send requests to intranet servers via a malformed URI containing an initial @ (at sign) character.
CVE-2011-3348,2011-09-20,2022-09-19,4.3,31.40%,,,The mod_proxy_ajp module in the Apache HTTP Server before 2.2.21, when used with mod_proxy_balancer in certain configurations, allows remote attackers to cause a denial of service (temporary "error state" in the backend server) via a malformed HTTP request.
CVE-2011-3192,2011-08-29,2022-09-19,7.8,96.56%,,Yes,The byterange filter in the Apache HTTP Server 1.3.x, 2.0.x through 2.0.64, and 2.2.x through 2.2.19 allows remote attackers to cause a denial of service (memory and CPU consumption) via a Range header that expresses multiple overlapping ranges, as exploited in the wild in August 2011, a different vulnerability than CVE-2007-0086.
CVE-2011-1928,2011-05-24,2023-02-13,4.3,3.40%,,,The fnmatch implementation in apr_fnmatch.c in the Apache Portable Runtime (APR) library 1.4.3 and 1.4.4, and the Apache HTTP Server 2.2.18, allows remote attackers to cause a denial of service (infinite loop) via a URI that does not match unspecified types of wildcard patterns, as demonstrated by attacks against mod_autoindex in httpd when a /*/WEB-INF/ configuration pattern is used. NOTE: this issue exists because of an incorrect fix for CVE-2011-0419.
CVE-2011-0419,2011-05-16,2022-09-19,4.3,96.85%,,,Stack consumption vulnerability in the fnmatch implementation in apr_fnmatch.c in the Apache Portable Runtime (APR) library before 1.4.3 and the Apache HTTP Server before 2.2.18, and in fnmatch.c in libc in NetBSD 5.1, OpenBSD 4.8, FreeBSD, Apple Mac OS X 10.6, Oracle Solaris 10, and Android, allows context-dependent attackers to cause a denial of service (CPU and memory consumption) via *? sequences in the first argument, as demonstrated by attacks against mod_autoindex in httpd.
CVE-2010-2791,2010-08-05,2023-02-13,5.0,0.29%,,,mod_proxy in httpd in Apache HTTP Server 2.2.9, when running on Unix, does not close the backend connection if a timeout occurs when reading a response from a persistent connection, which allows remote attackers to obtain a potentially sensitive response intended for a different client in opportunistic circumstances via a normal HTTP request. NOTE: this is the same issue as CVE-2010-2068, but for a different OS and set of affected versions.
CVE-2010-2068,2010-06-18,2023-02-13,5.0,0.58%,,,mod_proxy_http.c in mod_proxy_http in the Apache HTTP Server 2.2.9 through 2.2.15, 2.3.4-alpha, and 2.3.5-alpha on Windows, NetWare, and OS/2, in certain configurations involving proxy worker pools, does not properly detect timeouts, which allows remote attackers to obtain a potentially sensitive response intended for a different client in opportunistic circumstances via a normal HTTP request.

